ID,Composition,Space group number,a,b,c,alpha,beta,gamma,Ionic conductivity (S cm-1),DOI,CIF
ssv,Li6.0P0.4V1.6O8.0,31,6.282,5.4021,4.9289,90.0,90.0,90.0,1.31e-13,10.1021/acs.chemmater.8b01504,No Match
h6c,Li6.0V2.0O8.0,31,6.3278,5.4448,4.9467,90.0,90.0,90.0,9.2e-14,10.1021/acs.chemmater.8b01504,Close Match
e6e,Li12.8Ge0.8P3.2O16.0,62,10.5562,6.1319,4.9769,90.0,90.0,90.0,1.14e-06,10.1021/acs.chemmater.8b01504,No Match
ylh,Li12.8Ge0.8V3.2O16.0,62,10.8685,6.2984,5.1017,90.0,90.0,90.0,1.9e-05,10.1021/acs.chemmater.8b01504,No Match
eij,Li13.6Ge1.6P2.4O16.0,62,10.6305,6.1639,5.0266,90.0,90.0,90.0,4.5e-06,10.1021/acs.chemmater.8b01504,No Match
ldd,Li13.6Ge1.6V2.4O16.0,62,10.8697,6.2784,5.1181,90.0,90.0,90.0,8.89e-07,10.1021/acs.chemmater.8b01504,No Match
efb,Li14.4Ge2.4P1.6O16.0,62,10.7284,6.1866,5.0882,90.0,90.0,90.0,1.1e-05,10.1021/acs.chemmater.8b01504,No Match
lcm,Li14.4Ge2.4V1.6O16.0,62,10.8786,6.26,5.1371,90.0,90.0,90.0,3.19e-05,10.1021/acs.chemmater.8b01504,No Match
mgs,Li15.2Ge3.2P0.8O16.0,62,10.8096,6.1767,5.1421,90.0,90.0,90.0,1.03e-06,10.1021/acs.chemmater.8b01504,No Match
31s,Li15.2Ge3.2V0.8O16.0,62,10.8891,6.2315,5.1518,90.0,90.0,90.0,2.71e-06,10.1021/acs.chemmater.8b01504,No Match
dku,Li12.0P1.6V2.4O16.0,62,10.7651,6.2647,4.9262,90.0,90.0,90.0,3.55e-13,10.1021/acs.chemmater.8b01504,No Match
ndx,Li12.0P2.4V1.6O16.0,62,10.6467,6.2052,4.9763,90.0,90.0,90.0,3.2e-13,10.1021/acs.chemmater.8b01504,No Match
m0j,Li12.0P3.2V0.8O16.0,62,10.554,6.1486,4.9492,90.0,90.0,90.0,2.05e-13,10.1021/acs.chemmater.8b01504,No Match
9lo,Li12.0P4.0O16.0,62,10.4772,6.1179,4.9297,90.0,90.0,90.0,1.75e-13,10.1021/acs.chemmater.8b01504,Close Match
dth,Li16.0Ge4.0O16.0,63,7.7661,7.3645,6.0555,90.0,90.0,90.0,1.3e-12,10.1021/acs.chemmater.8b01504,Close Match
qea,Li6.0Ti12.0P18.0O72.0,167,8.512,8.512,20.858,90.0,90.0,120.0,2e-06,10.1149/1.2086597,No Match
mdj,Li7.2Ti12.0Si1.2P16.8O72.0,167,8.518,8.518,20.848,90.0,90.0,120.0,8.6e-05,10.1149/1.2086597,No Match
t1l,Li7.8Ti12.0Si1.8P16.2O72.0,167,8.52,8.52,20.862,90.0,90.0,120.0,0.00032,10.1149/1.2086597,No Match
my9,Li7.2Al1.2Ti10.8P18.0O72.0,167,8.5042,8.5042,20.8252,90.0,90.0,120.0,0.000595,10.1149/1.2086597,Close Match
9s4,Li7.8Al1.8Ti10.2P18.0O72.0,167,8.5004,8.5004,20.8156,90.0,90.0,120.0,0.000722,10.1149/1.2086597,Close Match
iqt,Li8.4Al2.4Ti9.6P18.0O72.0,167,8.4955,8.4955,20.7992,90.0,90.0,120.0,0.000388,10.1149/1.2086597,Close Match
xa0,Li9.0Al3.0Ti9.0P18.0O72.0,167,8.4935,8.4935,20.7994,90.0,90.0,120.0,0.000248,10.1149/1.2086597,Close Match
f4x,Li7.2Cr1.2Ti10.8P18.0O72.0,167,8.5189,8.5189,20.8643,90.0,90.0,120.0,1.82e-05,10.1149/1.2086597,No Match
txm,Li7.8Cr1.8Ti10.2P18.0O72.0,167,8.5203,8.5203,20.8702,90.0,90.0,120.0,3.51e-05,10.1149/1.2086597,No Match
v1t,Li8.4Cr2.4Ti9.6P18.0O72.0,167,8.522,8.522,20.88,90.0,90.0,120.0,0.000149,10.1149/1.2086597,No Match
d6b,Li9.0Cr3.0Ti9.0P18.0O72.0,167,8.5218,8.5218,20.8829,90.0,90.0,120.0,0.000386,10.1149/1.2086597,No Match
x9a,Li7.2Ga1.2Ti10.8P18.0O72.0,167,8.5156,8.5156,20.8451,90.0,90.0,120.0,0.000162,10.1149/1.2086597,No Match
3ta,Li7.8Ga1.8Ti10.2P18.0O72.0,167,8.5175,8.5175,20.8541,90.0,90.0,120.0,0.000261,10.1149/1.2086597,No Match
gjy,Li8.4Ga2.4Ti9.6P18.0O72.0,167,8.5136,8.5136,20.8588,90.0,90.0,120.0,0.000128,10.1149/1.2086597,No Match
lz8,Li9.0Ga3.0Ti9.0P18.0O72.0,167,8.5159,8.5159,20.8419,90.0,90.0,120.0,0.000122,10.1149/1.2086597,No Match
6st,Li7.2Fe1.2Ti10.8P18.0O72.0,167,8.5213,8.5213,20.8648,90.0,90.0,120.0,0.00018,10.1149/1.2086597,No Match
t9r,Li7.8Fe1.8Ti10.2P18.0O72.0,167,8.5262,8.5262,20.865,90.0,90.0,120.0,0.000246,10.1149/1.2086597,No Match
xr7,Li8.4Fe2.4Ti9.6P18.0O72.0,167,8.5301,8.5301,20.8889,90.0,90.0,120.0,0.000392,10.1149/1.2086597,No Match
pg8,Li9.0Fe3.0Ti9.0P18.0O72.0,167,8.5367,8.5367,20.8932,90.0,90.0,120.0,0.000174,10.1149/1.2086597,Close Match
1wm,Li7.2Sc1.2Ti10.8P18.0O72.0,167,8.5482,8.5482,20.9418,90.0,90.0,120.0,0.00069,10.1149/1.2086597,No Match
do2,Li7.8Sc1.8Ti10.2P18.0O72.0,167,8.5645,8.5645,20.985,90.0,90.0,120.0,0.000703,10.1149/1.2086597,No Match
uaj,Li8.4Sc2.4Ti9.6P18.0O72.0,167,8.5651,8.5651,20.9948,90.0,90.0,120.0,0.000515,10.1149/1.2086597,No Match
5u3,Li7.2In1.2Ti10.8P18.0O72.0,167,8.544,8.544,20.948,90.0,90.0,120.0,0.00039,10.1149/1.2086597,No Match
2eq,Li7.8In1.8Ti10.2P18.0O72.0,167,8.5495,8.5495,20.9586,90.0,90.0,120.0,0.000393,10.1149/1.2086597,No Match
yn6,Li8.4In2.4Ti9.6P18.0O72.0,167,8.5626,8.5626,21.0066,90.0,90.0,120.0,0.000302,10.1149/1.2086597,No Match
8jy,Li9.0In3.0Ti9.0P18.0O72.0,167,8.5695,8.5695,21.0089,90.0,90.0,120.0,0.000204,10.1149/1.2086597,No Match
p4l,Li7.2La1.2Ti10.8P18.0O72.0,167,8.5117,8.5117,20.8537,90.0,90.0,120.0,8e-05,10.1149/1.2086597,No Match
qkr,Li7.8La1.8Ti10.2P18.0O72.0,167,8.5119,8.5119,20.8513,90.0,90.0,120.0,0.000523,10.1149/1.2086597,No Match
e0z,Li8.4La2.4Ti9.6P18.0O72.0,167,8.5108,8.5108,20.8492,90.0,90.0,120.0,0.000498,10.1149/1.2086597,No Match
vus,Li9.0La3.0Ti9.0P18.0O72.0,167,8.5218,8.5218,20.8621,90.0,90.0,120.0,0.000281,10.1149/1.2086597,No Match
yp3,Li6.0Ti12.0P18.0O72.0,167,8.5087,8.5087,20.9089,90.0,90.0,120.0,6e-05,10.1016/j.ssi.2014.07.018,No Match
tzl,Li6.3Al0.3Ti11.7P18.0O72.0,167,8.5066,8.5066,20.9085,90.0,90.0,120.0,0.0011,10.1016/j.ssi.2014.07.018,No Match
hyj,Li6.6Al0.6Ti11.4P18.0O72.0,167,8.5068,8.5068,20.8905,90.0,90.0,120.0,0.00067,10.1016/j.ssi.2014.07.018,No Match
mg4,Li7.8Al1.8Ti10.2P18.0O72.0,167,8.4941,8.4941,20.8586,90.0,90.0,120.0,0.0062,10.1016/j.ssi.2014.07.018,Close Match
50s,Li8.4Al2.4Ti9.6P18.0O72.0,167,8.4882,8.4882,20.8571,90.0,90.0,120.0,0.0033,10.1016/j.ssi.2014.07.018,No Match
d4q,Li6.3Cr0.3Ti11.7P18.0O72.0,167,8.5093,8.5093,20.915,90.0,90.0,120.0,0.00018,10.1016/j.ssi.2014.07.018,No Match
6he,Li6.6Cr0.6Ti11.4P18.0O72.0,167,8.5126,8.5126,20.9212,90.0,90.0,120.0,0.00026,10.1016/j.ssi.2014.07.018,No Match
pwy,Li7.2Cr1.2Ti10.8P18.0O72.0,167,8.5132,8.5132,20.9271,90.0,90.0,120.0,0.00043,10.1016/j.ssi.2014.07.018,No Match
y9l,Li7.8Cr1.8Ti10.2P18.0O72.0,167,8.5183,8.5183,20.9177,90.0,90.0,120.0,0.00029,10.1016/j.ssi.2014.07.018,No Match
rc1,Li6.3Fe0.3Ti11.7P18.0O72.0,167,8.5125,8.5125,20.8871,90.0,90.0,120.0,0.00013,10.1016/j.ssi.2014.07.018,No Match
lzt,Li6.6Fe0.6Ti11.4P18.0O72.0,167,8.5137,8.5137,20.8822,90.0,90.0,120.0,0.00063,10.1016/j.ssi.2014.07.018,No Match
kbp,Li7.2Fe1.2Ti10.8P18.0O72.0,167,8.5213,8.5213,20.9211,90.0,90.0,120.0,0.0014,10.1016/j.ssi.2014.07.018,No Match
b9u,Li7.8Fe1.8Ti10.2P18.0O72.0,167,8.5239,8.5239,20.9215,90.0,90.0,120.0,0.0023,10.1016/j.ssi.2014.07.018,No Match
9zr,Li24.0P4.0S20.0Br4.0,216,9.9773,9.9773,9.9773,90.0,90.0,90.0,0.000701,10.1039/c7ta08581h,Match
a8v,Li24.1P3.9Si0.1S20.0Br4.0,216,9.9819,9.9819,9.9819,90.0,90.0,90.0,0.000878,10.1039/c7ta08581h,Match
09w,Li24.2P3.8Si0.2S20.0Br4.0,216,9.9871,9.9871,9.9871,90.0,90.0,90.0,0.000437,10.1039/c7ta08581h,Match
x2v,Li24.3P3.7Si0.3S20.0Br4.0,216,9.9938,9.9938,9.9938,90.0,90.0,90.0,0.000873,10.1039/c7ta08581h,Match
bnh,Li24.4P3.8Si0.4S20.0Br4.0,216,10.0024,10.0024,10.0024,90.0,90.0,90.0,0.000799,10.1039/c7ta08581h,Match
x9d,Li24.5P3.5Si0.5S20.0Br4.0,216,10.0098,10.0098,10.0098,90.0,90.0,90.0,0.000902,10.1039/c7ta08581h,Match
ish,Li24.7P3.3Si0.7S20.0Br4.0,216,10.0193,10.0193,10.0193,90.0,90.0,90.0,0.000931,10.1039/c7ta08581h,Match
iiy,Li24.8P3.2Si0.8S20.0Br4.0,216,10.024,10.024,10.024,90.0,90.0,90.0,0.00169,10.1039/c7ta08581h,Match
3zo,Li24.9P3.1Si0.9S20.0Br4.0,216,10.0315,10.0315,10.0315,90.0,90.0,90.0,0.00108,10.1039/c7ta08581h,Match
vj7,Li25.0P3.0Si1.0S20.0Br4.0,216,10.0365,10.0365,10.0365,90.0,90.0,90.0,0.00141,10.1039/c7ta08581h,Match
wsd,Li25.2P2.8Si1.2S20.0Br4.0,216,10.0521,10.0521,10.0521,90.0,90.0,90.0,0.00165,10.1039/c7ta08581h,Match
10s,Li25.4P2.6Si1.4S20.0Br4.0,216,10.0468,10.0468,10.0468,90.0,90.0,90.0,0.00234,10.1039/c7ta08581h,Match
fkj,Li26.0P2.0Si2.0S20.0Br4.0,216,10.0521,10.0521,10.0521,90.0,90.0,90.0,0.00219,10.1039/c7ta08581h,Match
nig,Li24.0P4.0S20.0Br4.0,216,9.988,9.988,9.988,90.0,90.0,90.0,0.00277,10.1021/acs.inorgchem.8b02443,Match
z16,Li24.0P4.0S19.6Se0.4Br4.0,216,9.9902,9.9902,9.9902,90.0,90.0,90.0,0.0032,10.1021/acs.inorgchem.8b02443,Match
hbz,Li24.0P4.0S19.2Se0.8Br4.0,216,9.9946,9.9946,9.9946,90.0,90.0,90.0,0.00392,10.1021/acs.inorgchem.8b02443,Match
uut,Li24.0P4.0S18.8Se1.2Br4.0,216,9.9974,9.9974,9.9974,90.0,90.0,90.0,0.00362,10.1021/acs.inorgchem.8b02443,Match
cju,Li24.0P4.0S18.4Se1.6Br4.0,216,10.0079,10.0079,10.0079,90.0,90.0,90.0,0.00364,10.1021/acs.inorgchem.8b02443,Match
d9l,Li24.0P4.0S18.0Se2.0Br4.0,216,10.0176,10.0176,10.0176,90.0,90.0,90.0,0.00268,10.1021/acs.inorgchem.8b02443,Match
96f,Li24.0P4.0S17.6Se2.4Br4.0,216,10.0259,10.0259,10.0259,90.0,90.0,90.0,0.00278,10.1021/acs.inorgchem.8b02443,Match
1kq,Li24.0P4.0S17.2Se2.8Br4.0,216,10.0265,10.0265,10.0265,90.0,90.0,90.0,0.00301,10.1021/acs.inorgchem.8b02443,Match
c6e,Li24.0P4.0S16.8Se3.2Br4.0,216,10.0332,10.0332,10.0332,90.0,90.0,90.0,0.00348,10.1021/acs.inorgchem.8b02443,Match
t2c,Li24.0P4.0S16.4Se3.6Br4.0,216,10.0418,10.0418,10.0418,90.0,90.0,90.0,0.00382,10.1021/acs.inorgchem.8b02443,Match
dlj,Li24.0P4.0S16.0Se4.0Br4.0,216,10.0522,10.0522,10.0522,90.0,90.0,90.0,0.00361,10.1021/acs.inorgchem.8b02443,Match
5wz,Li24.0P4.0S20.0I4.0,216,10.1452,10.1452,10.1452,90.0,90.0,90.0,1.26e-06,10.1021/jacs.8b10282,Close Match
5gj,Li24.4P3.6Ge0.4S20.0I4.0,216,10.1669,10.1669,10.1669,90.0,90.0,90.0,8.86e-06,10.1021/jacs.8b10282,No Match
t17,Li24.6P3.4Ge0.6S20.0I4.0,216,10.1805,10.1805,10.1805,90.0,90.0,90.0,3.93e-05,10.1021/jacs.8b10282,No Match
kf7,Li24.8P3.2Ge0.8S20.0I4.0,216,10.1847,10.1847,10.1847,90.0,90.0,90.0,3.19e-05,10.1021/jacs.8b10282,No Match
utv,Li25.0P3.0Ge1.0S20.0I4.0,216,10.1931,10.1931,10.1931,90.0,90.0,90.0,0.00015,10.1021/jacs.8b10282,No Match
q9f,Li25.2P2.8Ge1.2S20.0I4.0,216,10.2058,10.2058,10.2058,90.0,90.0,90.0,0.00065,10.1021/jacs.8b10282,No Match
5qw,Li25.6P2.4Ge1.6S20.0I4.0,216,10.2297,10.2297,10.2297,90.0,90.0,90.0,0.0015,10.1021/jacs.8b10282,No Match
znj,Li26.0P2.0Ge2.0S20.0I4.0,216,10.2431,10.2431,10.2431,90.0,90.0,90.0,0.00186,10.1021/jacs.8b10282,No Match
pa1,Li26.4P1.6Ge2.4S20.0I4.0,216,10.2431,10.2431,10.2431,90.0,90.0,90.0,0.00521,10.1021/jacs.8b10282,Close Match
lxk,Li26.8P1.2Ge2.8S20.0I4.0,216,10.2851,10.2851,10.2851,90.0,90.0,90.0,0.00554,10.1021/jacs.8b10282,Match
1m8,Li27.2P0.8Ge3.2S20.0I4.0,216,10.2998,10.2998,10.2998,90.0,90.0,90.0,0.00258,10.1021/jacs.8b10282,Match
